{"timestamp": "RobotReviewer RCT model calibration 2017-07-08 10:34", "thresholds": {"svm_ptyp": {"balanced": 1.9138508960754022, "sensitive": 0.4299241235329413, "max_sensitive": -0.3753977160809582, "precise": 3.7358852937234395}, "cnn_ptyp": {"balanced": 2.266185051254351, "sensitive": 0.0899141205308506, "max_sensitive": -0.7097813033269522, "precise": 3.519417679456011}, "svm_cnn": {"balanced": 1.5311051487529117, "sensitive": 0.06523834169172463, "max_sensitive": -0.2170771235472279, "precise": 1.8740940177370162}, "svm": {"balanced": 1.090994881434483, "sensitive": 0.09327205570219824, "max_sensitive": -0.340180090967654, "precise": 1.9185470355817007}, "svm_cnn_ptyp": {"balanced": 1.8855674604380572, "sensitive": 0.19441410243541343, "max_sensitive": -0.45868683147736167, "precise": 3.7561293477900453}, "cnn": {"balanced": 1.7339052923154057, "sensitive": -0.07043089698725857, "max_sensitive": -0.521884194654504, "precise": 2.1267040166885707}}, "scales": {"cnn": {"mean": 0.1559281161105426, "std": 0.22405916984696986, "weight": 0.3333333333333333}, "ptyp": {"mean": 0.05515553289138195, "std": 0.22828359573751594, "weight": 1.0}, "svm": {"mean": -0.7548140352548589, "std": 0.7812955939364481, "weight": 2.0}}}