{"timestamp": "RobotReviewer RCT model calibration 2019-01-25 13:03", "thresholds": {"svm": {"precise": 1.9237300404146498, "sensitive": 0.0691768267655864, "balanced": 1.1214599554550992}, "cnn": {"precise": 2.3723952770233154, "sensitive": -0.00806331296917051, "balanced": 1.8000659942626953}, "svm_cnn": {"precise": 2.1089724394656733, "sensitive": 0.059092738155457056, "balanced": 1.6498606653424648}, "svm_ptyp": {"precise": 3.788363871603371, "sensitive": 0.42413795826103085, "balanced": 1.8950514131415008}, "cnn_ptyp": {"precise": 3.5229593361830256, "sensitive": 0.22784171952958307, "balanced": 2.2217181767439387}, "svm_cnn_ptyp": {"precise": 3.7070634945154053, "sensitive": 0.11009816065822994, "balanced": 2.1057231048584675}}, "scales": {"cnn": {"mean": 0.1559281161105426, "std": 0.22405916984696986, "weight": 0.25}, "ptyp": {"mean": 0.05515553289138195, "std": 0.22828359573751594, "weight": 1.0}, "svm": {"mean": -0.7548140352548589, "std": 0.7812955939364481, "weight": 1.0}}, "performance": {"svm": {"precise": {"sens": 0.8229363579080026, "spec": 0.9749989459926641}, "sensitive": {"sens": 0.9848771266540642, "spec": 0.7102112230701125}, "balanced": {"sens": 0.9338374291115312, "spec": 0.9385302921708335}}, "cnn": {"precise": {"sens": 0.931316950220542, "spec": 0.9749989459926641}, "sensitive": {"sens": 0.9848771266540642, "spec": 0.6688098149163119}, "balanced": {"sens": 0.9401386263390044, "spec": 0.9700872718074118}}, "svm_cnn": {"precise": {"sens": 0.9338374291115312, "spec": 0.9749989459926641}, "sensitive": {"sens": 0.9848771266540642, "spec": 0.7254521691470973}, "balanced": {"sens": 0.9426591052299937, "spec": 0.9695602681394663}}, "svm_ptyp": {"precise": {"sens": 0.9495904221802143, "spec": 0.9749989459926641}, "sensitive": {"sens": 0.9848771266540642, "spec": 0.8777562291833552}, "balanced": {"sens": 0.9684940138626339, "spec": 0.9652809983557485}}, "cnn_ptyp": {"precise": {"sens": 0.9489603024574669, "spec": 0.9749989459926641}, "sensitive": {"sens": 0.9848771266540642, "spec": 0.8672372359711623}, "balanced": {"sens": 0.9747952110901071, "spec": 0.9666512078924069}}, "svm_cnn_ptyp": {"precise": {"sens": 0.9502205419029616, "spec": 0.9749989459926641}, "sensitive": {"sens": 0.9848771266540642, "spec": 0.8613980353303259}, "balanced": {"sens": 0.9747952110901071, "spec": 0.9674311733209663}}}, "model_choice": {"non_ptyp": {"precise": "svm_cnn", "sensitive": "svm_cnn", "balanced": "svm_cnn"}, "ptyp": {"precise": "svm_cnn", "sensitive": "svm", "balanced": "svm_cnn"}}}